userDonor,userReceiver,ticketId,timeTransaction
,7cb030e7-23ee-4a11-8063-67a34b40d03b,01141618-767d-477a-83e3-ffd28f639c18,Tue Sep 15 15:21:13 BST 2015
,afc39a4b-f867-498e-9ba9-8b9918a11c0c,9e30ae04-b2b4-4075-99f3-8af228a48bbe,Tue Sep 15 15:21:13 BST 2015
,73b9d5c2-bba7-4487-96fe-e4a0ff089c0c,dcef806a-93da-4321-b39a-df50af288b75,Tue Sep 15 15:21:13 BST 2015
,daf99c55-d387-45df-bed0-5425b7d57ca6,6d589a24-caca-4aad-81d1-dfe1c59fb935,Tue Sep 15 15:21:13 BST 2015
,73b9d5c2-bba7-4487-96fe-e4a0ff089c0c,5a515942-1247-4340-9ad0-902c4f2d6d28,Tue Sep 15 15:21:13 BST 2015
,d79e6675-a16b-4957-934d-b426c7fbf3da,9781fab7-90ba-4124-b2bb-b4a7b6071235,Tue Sep 15 15:21:13 BST 2015
,d94da315-5891-4a38-89cf-4b63f4b684d5,d6b7f937-a56d-4ec9-859e-66cd2449ab03,Tue Sep 15 15:21:13 BST 2015
,1729bd36-5163-47e7-bf8f-815c62ca0a3f,e8fdaa0e-eb77-4c2b-b05e-9fa894994499,Tue Sep 15 15:21:13 BST 2015
,bf17febc-81b3-458e-8d2d-f750309dc9eb,37bc3bde-7878-4677-bbff-2361c1b8f9a3,Tue Sep 15 15:21:13 BST 2015
,ab895b17-e5e4-4529-a096-72805a6026c3,79f48fac-c530-4090-84a6-0286b7e0668c,Tue Sep 15 15:21:13 BST 2015
,6fa4b6c9-5fc7-436c-8815-4cb33767a6b7,31c6b396-8425-404e-804f-6feae11a2770,Tue Sep 15 15:21:13 BST 2015
,ab895b17-e5e4-4529-a096-72805a6026c3,eb731e87-2d7d-4a6f-859a-9fc1628521ad,Tue Sep 15 15:21:13 BST 2015
,b924abdb-41da-4178-9cf7-e683a7dbdae3,b48a6c3e-3acd-4a78-ae63-c3736378d004,Tue Sep 15 15:21:13 BST 2015
,bf800955-a223-4456-b339-df16f2e2d7cf,25d9b36d-c471-4a2c-984d-3ce8395db831,Tue Sep 15 15:21:13 BST 2015
,62aa3b96-24b2-4f70-b1b8-5fb90e0a6201,8ada41ba-47a1-425c-8c03-0dbe300fc0c9,Tue Sep 15 15:21:13 BST 2015
,bf800955-a223-4456-b339-df16f2e2d7cf,c6fb3fea-388e-4fa9-8e4e-8aa78ca64434,Tue Sep 15 15:21:13 BST 2015
,ce0d0895-0114-4dd0-ac3b-0400d6fcb5e2,c017e98b-4589-4d33-8a41-f8f9e2270c76,Tue Sep 15 15:21:13 BST 2015
,47fa0add-9129-4526-b7f6-fa77d7d0a5fc,a9f1fe34-cd05-404a-b148-5e0d03df73cb,Tue Sep 15 15:21:13 BST 2015
,bf800955-a223-4456-b339-df16f2e2d7cf,46973c0c-64ee-4f46-8c56-ef4cb8f83930,Tue Sep 15 15:21:13 BST 2015
,7f823440-2f8e-4436-9caa-98452ad55664,b0dc949b-eb75-410f-a789-e7217f329fa2,Tue Sep 15 15:21:13 BST 2015
,7f823440-2f8e-4436-9caa-98452ad55664,de174f99-645b-445d-ab13-7da311d8ea44,Tue Sep 15 15:21:13 BST 2015
434f3bfb-0099-4b48-b342-1134ff6b74c4,c7358fd0-a145-4ad4-b3c5-b5468b2049b7,1b426f43-5935-4c63-b2eb-b3b98befb71b,Tue Sep 15 15:21:15 BST 2015
434f3bfb-0099-4b48-b342-1134ff6b74c4,71980431-8434-47bd-9229-2d708e9017fb,c2ad867c-bc3f-4eca-a6d8-8bdf9e2223f2,Tue Sep 15 15:21:15 BST 2015
